
insert into cargo(nome_cargo, salario_inicial, aumento_salario_ano, beneficio) values('Secretário', 7000, 1000, 0.2);
insert into cargo(nome_cargo, salario_inicial, aumento_salario_ano, beneficio) values('Vendedor', 12000, 1800, 0.3);
insert into cargo(nome_cargo, salario_inicial, aumento_salario_ano, beneficio) values('Gerente', 20000, 3000, 0);

insert into funcionario(nome, periodo_Contratacao, cargo_id) values('Jorge Carvalho', '01/2018', 1);
insert into funcionario(nome, periodo_Contratacao, cargo_id) values('Maria Souza', '12/2015', 1);
insert into funcionario(nome, periodo_Contratacao, cargo_id) values('Ana Silva', '12/2021', 2);
insert into funcionario(nome, periodo_Contratacao, cargo_id) values('João Mendes', '12/2021', 2);
insert into funcionario(nome, periodo_Contratacao, cargo_id) values('Juliana Alves', '07/2017', 3);
insert into funcionario(nome, periodo_Contratacao, cargo_id) values('Bento Albino', '03/2014', 3);

insert into venda(nome_vendedor, periodo_venda, valor_venda) values('Ana Silva', '12/2021', 5200);
insert into venda(nome_vendedor, periodo_venda, valor_venda) values('Ana Silva','01/2022', 4000);
insert into venda(nome_vendedor, periodo_venda, valor_venda) values('Ana Silva','02/2022', 4200);
insert into venda(nome_vendedor, periodo_venda, valor_venda) values('Ana Silva','03/2022', 5850);
insert into venda(nome_vendedor, periodo_venda, valor_venda) values('Ana Silva','04/2022', 7000);
insert into venda(nome_vendedor, periodo_venda, valor_venda) values('João Mendes','12/2021', 3400);
insert into venda(nome_vendedor, periodo_venda, valor_venda) values('João Mendes','01/2022', 7700);
insert into venda(nome_vendedor, periodo_venda, valor_venda) values('João Mendes','02/2022', 5000);
insert into venda(nome_vendedor, periodo_venda, valor_venda) values('João Mendes','03/2022', 5900);
insert into venda(nome_vendedor, periodo_venda, valor_venda) values('João Mendes','04/2022', 6500);
